subject,correct,total,accuracy_percent
Accounting,22,30,73.33333333333333
Agriculture,16,30,53.333333333333336
Architecture_and_Engineering,18,30,60.0
Art,18,30,60.0
Art_Theory,22,30,73.33333333333333
Basic_Medical_Science,21,30,70.0
Biology,16,30,53.333333333333336
Chemistry,13,30,43.333333333333336
Clinical_Medicine,23,30,76.66666666666667
Computer_Science,20,30,66.66666666666666
Design,23,30,76.66666666666667
Diagnostics_and_Laboratory_Medicine,11,30,36.666666666666664
Economics,24,30,80.0
Electronics,17,30,56.666666666666664
Energy_and_Power,18,30,60.0
Finance,19,30,63.33333333333333
Geography,16,30,53.333333333333336
History,22,30,73.33333333333333
Literature,24,30,80.0
Manage,17,30,56.666666666666664
Marketing,26,30,86.66666666666667
Materials,18,30,60.0
Math,19,30,63.33333333333333
Mechanical_Engineering,17,30,56.666666666666664
Music,13,30,43.333333333333336
Pharmacy,20,30,66.66666666666666
Physics,24,30,80.0
Psychology,21,30,70.0
Public_Health,24,30,80.0
Sociology,16,30,53.333333333333336
Overall (macro),578,900,64.22222222222221
