subject,data_num,correct,accuracy
Accounting,30,24,0.800000
Agriculture,30,14,0.466667
Architecture_and_Engineering,30,19,0.633333
Art,30,17,0.566667
Art_Theory,30,23,0.766667
Basic_Medical_Science,30,21,0.700000
Biology,30,15,0.500000
Chemistry,30,16,0.533333
Clinical_Medicine,30,20,0.666667
Computer_Science,30,17,0.566667
Design,30,24,0.800000
Diagnostics_and_Laboratory_Medicine,30,12,0.400000
Economics,30,26,0.866667
Electronics,30,17,0.566667
Energy_and_Power,30,19,0.633333
Finance,30,23,0.766667
Geography,30,14,0.466667
History,30,20,0.666667
Literature,30,23,0.766667
Manage,30,19,0.633333
Marketing,30,27,0.900000
Materials,30,16,0.533333
Math,30,19,0.633333
Mechanical_Engineering,30,13,0.433333
Music,30,7,0.233333
Pharmacy,30,23,0.766667
Physics,30,23,0.766667
Psychology,30,23,0.766667
Public_Health,30,27,0.900000
Sociology,30,21,0.700000
Overall,900,582,0.646667
